gps_week,dn(m),de(m),du(m),label
1043,0,0,0,0
1044,0.00132,0.00007,0.00493,0
1045,0.00069,-0.00063,0.00904,0
1046,-0.00163,0.00016,0.00607,0
1047,0.00128,0.00052,0.00637,0
1048,0.00213,-0.00076,0.00678,0
1049,0.00208,-0.00212,0.00101,0
1050,0.00318,-0.00093,0.00447,0
1051,0.00152,-0.00329,0.00348,0
1054,0.00171,-0.00258,-0.00346,0
1055,0.00124,-0.00067,-0.00556,0
1056,0.00077,-0.00176,-0.00553,0
1057,-0.001,-0.00184,0.00248,0
1058,0.00065,-0.00207,0.00083,0
1059,0.001,-0.00166,0.00087,0
1060,0.00176,-0.00338,0.00229,0
1061,0.00255,-0.00253,-0.00072,0
1062,0.0025,-0.0032,0.00182,0
1063,0.00204,-0.00301,0.00178,0
1064,0.00326,-0.003,0.00653,0
1065,0.00227,-0.00278,0.00677,0
1066,0.00148,-0.00384,0.00782,0
1067,0.00263,-0.00424,0.00581,0
1068,0.00216,-0.0037,0.01049,0
1069,0.00201,-0.00457,0.00822,0
1070,0.00118,-0.00366,0.01005,0
1071,0.00165,-0.00299,0.01057,0
1072,0.00075,-0.00252,0.00956,0
1073,0.00074,-0.00344,0.013,0
1074,0.00114,-0.00281,0.01173,0
1075,0.00329,-0.00201,0.00911,0
1076,0.00454,-0.00189,0.0126,0
1077,0.00483,-0.00273,0.01735,0
1078,0.00634,-0.00379,0.01194,0
1079,0.00654,-0.0011,0.01295,0
1080,0.0065,0.00064,0.01145,0
1081,0.00666,-0.00177,0.0133,0
1082,0.00689,-0.00106,0.01589,0
1083,0.00801,-0.0004,0.01621,0
1084,0.00742,-0.00051,0.01567,0
1085,0.00699,-0.00059,0.0176,0
1086,0.00755,-0.00273,0.01677,0
1087,0.00952,-0.00133,0.01475,0
1088,0.01106,-0.00245,0.01138,0
1089,0.01172,-0.0012,0.01146,0
1090,0.01012,-0.00228,0.01277,0
1091,0.01141,-0.0029,0.01403,0
1092,0.01128,-0.0036,0.01076,0
1093,0.01143,-0.00282,-0.00029,0
1094,0.01275,-0.00476,0.0016,0
1095,0.01203,-0.00374,0.00231,0
1096,0.01225,-0.00458,0.00431,0
1097,0.01195,-0.00622,0.00267,0
1098,0.01231,-0.0045,0.00257,0
1099,0.01235,-0.00546,0.00911,0
1100,0.01568,-0.00681,0.01075,0
1101,0.01528,-0.00708,0.00992,0
1102,0.01589,-0.00849,0.01101,0
1103,0.0128,-0.00741,0.00646,0
1104,0.01546,-0.00736,0.0091,0
1105,0.0135,-0.00544,0.00467,0
1106,0.01456,-0.00609,0.00438,0
1107,0.01208,-0.00741,0.00234,0
1108,0.01422,-0.00673,0.00509,0
1109,0.01408,-0.00571,0.00664,0
1110,0.01739,-0.00627,0.00386,0
1111,0.01474,-0.0048,0.00553,0
1112,0.01672,-0.00487,0.0034,0
1113,0.01558,-0.00558,0.00789,0
1114,0.01581,-0.0058,0.00928,0
1115,0.01663,-0.00603,0.00637,0
1116,0.01538,-0.00749,0.00543,0
1117,0.01554,-0.00688,0.00344,0
1118,0.01646,-0.00737,0.00299,0
1119,0.01616,-0.00789,0.00593,0
1120,0.01724,-0.00829,0.00789,0
1121,0.01753,-0.00678,0.00989,0
1122,0.01752,-0.00755,0.01207,0
1123,0.01646,-0.00785,0.0181,0
1124,0.01711,-0.00744,0.01429,0
1125,0.01701,-0.0075,0.01337,0
1126,0.0168,-0.00769,0.01774,0
1128,0.01714,-0.0054,0.01706,0
1129,0.01648,-0.00531,0.02193,0
1130,0.01779,-0.00554,0.02199,0
1131,0.01906,-0.00514,0.02383,0
1132,0.01759,-0.00575,0.01765,0
1133,0.01775,-0.00644,0.01691,0
1134,0.01818,-0.00647,0.01865,0
1135,0.01889,-0.0056,0.01909,0
1136,0.01919,-0.00688,0.01779,0
1137,0.01944,-0.00514,0.01453,0
1138,0.01885,-0.00852,0.01855,0
1139,0.02055,-0.00883,0.01452,0
1140,0.02028,-0.00907,0.01607,0
1141,0.02188,-0.00737,0.01069,0
1142,0.02034,-0.0081,0.01349,0
1143,0.02112,-0.00808,0.02153,0
1144,0.02239,-0.00885,0.01623,0
1145,0.0235,-0.01071,0.01464,0
1146,0.02126,-0.01184,0.01185,0
1148,0.02432,-0.00924,0.00102,0
1149,0.02538,-0.01124,0.00082,0
1150,0.02499,-0.00953,0.00375,0
1151,0.02474,-0.01142,0.00665,0
1152,0.02639,-0.01062,-0.00129,0
1153,0.0273,-0.00979,0.0009,0
1154,0.02622,-0.01067,-0.00057,0
1155,0.02614,-0.01106,0.00008,0
1156,0.02612,-0.00962,-0.00277,0
1157,0.02704,-0.00905,0.00024,0
1158,0.02752,-0.01053,0.00272,0
1159,0.02633,-0.0088,0.00373,0
1160,0.02787,-0.0101,-0.00057,0
1161,0.02845,-0.00855,0.00409,0
1162,0.02752,-0.00794,0.00106,0
1163,0.02854,-0.00996,-0.00065,0
1164,0.02873,-0.00928,0.00345,0
1165,0.02783,-0.01056,0.00469,0
1166,0.02894,-0.01036,0.00756,0
1167,0.0282,-0.01232,0.00297,0
1168,0.02723,-0.0119,0.00437,0
1169,0.02791,-0.01112,0.00402,0
1170,0.02894,-0.01213,0.00597,0
1171,0.02778,-0.01147,0.00635,0
1172,0.02871,-0.01168,0.00467,0
1173,0.02891,-0.01281,0.01176,0
1174,0.02842,-0.01252,0.01476,0
1175,0.02799,-0.01207,0.01349,0
1176,0.02871,-0.01165,0.01332,0
1177,0.02856,-0.01072,0.01475,0
1178,0.03042,-0.01053,0.0182,0
1179,0.03039,-0.01047,0.01727,0
1180,0.02951,-0.01051,0.01639,0
1181,0.02943,-0.00992,0.01879,0
1182,0.02905,-0.00939,0.02321,0
1183,0.02931,-0.0092,0.01886,0
1184,0.03101,-0.01029,0.01888,0
1185,0.03066,-0.01148,0.02054,0
1186,0.03064,-0.01183,0.02252,0
1187,0.03091,-0.01074,0.02422,0
1188,0.03276,-0.01224,0.02574,0
1189,0.03293,-0.01165,0.02322,0
1190,0.03396,-0.01198,0.02599,0
1191,0.03325,-0.01291,0.01923,0
1192,0.03443,-0.01139,0.02097,0
1193,0.03474,-0.01183,0.02267,0
1194,0.0359,-0.01092,0.01994,0
1195,0.03662,-0.01168,0.01931,0
1196,0.03323,-0.01019,0.0181,0
1197,0.03453,-0.00983,0.01505,0
1198,0.03468,-0.01051,0.01418,0
1199,0.03626,-0.00988,0.01623,0
1200,0.03476,-0.00917,0.01448,0
1201,0.0352,-0.01194,0.01501,0
1202,0.03651,-0.01077,0.0157,0
1203,0.03793,-0.01202,0.00894,0
1204,0.03688,-0.0119,0.0096,0
1205,0.03719,-0.01249,0.01248,0
1206,0.03689,-0.01313,0.01056,0
1207,0.03814,-0.01238,0.00826,0
1208,0.03786,-0.01183,0.00652,0
1209,0.03866,-0.01228,0.00737,0
1210,0.0383,-0.013,0.0022,0
1211,0.03936,-0.01281,0.00212,0
1212,0.03985,-0.01202,0.00758,0
1213,0.03898,-0.0122,0.001,0
1214,0.04124,-0.01259,0.00024,0
1215,0.04028,-0.01448,0.00091,0
1216,0.04054,-0.01255,0.00175,0
1217,0.04005,-0.01462,0.00051,0
1218,0.04055,-0.01459,0.00051,0
1219,0.04178,-0.01483,0.00682,0
1220,0.03979,-0.01545,0.01079,0
1221,0.04018,-0.01411,0.00765,0
1222,0.03937,-0.01521,0.01055,0
1223,0.03931,-0.01625,0.01107,0
1224,0.03972,-0.01524,0.01135,0
1225,0.03863,-0.01565,0.01415,0
1226,0.03969,-0.01506,0.01416,0
1227,0.04013,-0.01497,0.00753,0
1228,0.04022,-0.01517,0.00922,0
1229,0.04126,-0.01385,0.01078,0
1230,0.04188,-0.01448,0.01253,0
1231,0.04141,-0.01437,0.01405,0
1232,0.04134,-0.01543,0.01317,0
1233,0.04057,-0.01574,0.01536,0
1234,0.04121,-0.01439,0.01722,0
1235,0.04169,-0.01452,0.01862,0
1236,0.04293,-0.01492,0.02132,0
1237,0.04248,-0.01331,0.02567,0
1238,0.04235,-0.01299,0.02299,0
1239,0.04319,-0.01338,0.02641,0
1240,0.04421,-0.01418,0.02419,0
1241,0.0456,-0.01488,0.02324,0
1242,0.04446,-0.01523,0.02176,0
1243,0.04774,-0.01483,0.02174,0
1244,0.04802,-0.01513,0.01699,0
1245,0.04542,-0.01303,0.02103,0
1246,0.04622,-0.01401,0.02218,0
1247,0.04735,-0.01496,0.02377,0
1248,0.04758,-0.01503,0.01885,0
1249,0.04731,-0.01395,0.01906,0
1250,0.04635,-0.01522,0.01864,0
1251,0.04847,-0.01434,0.02439,0
1252,0.04783,-0.01604,0.01807,0
1253,0.04843,-0.01512,0.01473,0
1254,0.04849,-0.01688,0.01488,0
1255,0.04898,-0.01697,0.01061,0
1256,0.05023,-0.01642,0.01145,0
1257,0.04823,-0.01746,0.00231,0
1258,0.04989,-0.01675,0.00343,0
1259,0.05082,-0.01747,-0.00016,0
1260,0.05133,-0.01549,-0.00276,0
1261,0.0496,-0.01738,-0.00104,0
1262,0.05031,-0.01637,0.00426,0
1263,0.05099,-0.01492,-0.00293,0
1264,0.05046,-0.01605,0.00157,0
1265,0.05036,-0.01553,-0.00233,0
1266,0.05084,-0.01624,-0.00539,0
1267,0.05227,-0.0166,-0.0073,0
1268,0.05193,-0.0182,-0.00211,0
1269,0.05259,-0.01898,-0.00216,0
1270,0.05239,-0.01826,0.0024,0
1271,0.05178,-0.019,0.00293,0
1272,0.05286,-0.01923,0.00273,0
1273,0.05351,-0.01989,0.00002,0
1274,0.05254,-0.01928,0.00365,0
1275,0.05142,-0.01942,0.00089,0
1276,0.05171,-0.01953,0.00382,0
1277,0.0524,-0.01856,0.00479,0
1278,0.05267,-0.01856,0.00495,0
1279,0.05229,-0.01857,0.00458,0
1280,0.05306,-0.01908,0.00467,0
1281,0.05337,-0.02049,0.0032,0
1282,0.05393,-0.01943,0.0079,0
1283,0.05436,-0.0197,0.00586,0
1284,0.05461,-0.01892,0.00647,0
1285,0.05446,-0.01874,0.00878,0
1286,0.0543,-0.01984,0.01059,0
1287,0.05405,-0.01918,0.01125,0
1288,0.0549,-0.02006,0.00981,0
1289,0.05622,-0.01854,0.01264,0
1290,0.05715,-0.01895,0.01435,0
1291,0.05713,-0.01827,0.0143,0
1292,0.05725,-0.01929,0.01485,0
1293,0.05842,-0.02046,0.01828,0
1294,0.05818,-0.01944,0.01714,0
1295,0.05915,-0.01886,0.02045,0
1296,0.05973,-0.01778,0.02074,0
1297,0.05948,-0.0197,0.02007,0
1298,0.0601,-0.01798,0.01861,0
1299,0.06066,-0.01813,0.01855,0
1300,0.06119,-0.0188,0.0171,0
1301,0.05962,-0.01933,0.01915,0
1302,0.06061,-0.01988,0.01515,0
1303,0.06073,-0.02012,0.01354,0
1304,0.06128,-0.01943,0.01489,0
1305,0.06108,-0.02091,0.01263,0
1306,0.06091,-0.02086,0.01212,0
1307,0.06051,-0.02014,0.01036,0
1308,0.06134,-0.02027,0.00639,0
1309,0.05981,-0.01943,0.00827,0
1310,0.06261,-0.01909,0.00723,0
1311,0.06171,-0.01976,0.00902,0
1312,0.06307,-0.01924,0.00504,0
1313,0.06443,-0.01831,0.00289,0
1314,0.06445,-0.01933,0.00027,0
1315,0.06436,-0.01955,-0.00184,0
1316,0.06429,-0.01876,-0.00393,0
1317,0.06542,-0.02104,-0.00713,0
1318,0.06621,-0.0205,-0.00506,0
1319,0.06623,-0.0229,0.00318,0
1320,0.06719,-0.02309,0.00306,0
1321,0.06575,-0.02246,0.00216,0
1322,0.06636,-0.0212,0.00228,0
1323,0.06586,-0.02285,0.00639,0
1324,0.06554,-0.02292,0.00326,0
1325,0.06495,-0.02124,0.00244,0
1326,0.06437,-0.02107,0.00075,0
1327,0.06466,-0.02139,0.00557,0
1328,0.06471,-0.02146,0.00312,0
1329,0.06523,-0.02199,0.00609,0
1330,0.06559,-0.02149,0.0047,0
1331,0.0655,-0.02126,0.00606,0
1332,0.0656,-0.02122,0.00752,0
1333,0.06644,-0.02129,0.0063,0
1334,0.06501,-0.02043,0.00652,0
1335,0.06553,-0.02111,0.00802,0
1336,0.06567,-0.02084,0.00834,0
1337,0.06497,-0.02058,0.00979,0
1338,0.06706,-0.02117,0.01182,0
1339,0.06769,-0.02197,0.01162,0
1340,0.06816,-0.02188,0.01203,0
1341,0.06859,-0.02206,0.01517,0
1342,0.06922,-0.02141,0.01592,0
1343,0.07002,-0.02091,0.01385,0
1344,0.07014,-0.0208,0.02003,0
1345,0.07128,-0.02057,0.02118,0
1346,0.0713,-0.02049,0.02273,0
1347,0.07138,-0.02201,0.02231,0
1348,0.07214,-0.02122,0.0204,0
1349,0.07197,-0.02125,0.01934,0
1350,0.07149,-0.02113,0.01425,0
1351,0.07166,-0.02064,0.01048,0
1352,0.07231,-0.02181,0.01106,0
1353,0.07196,-0.02238,0.00488,0
1354,0.07247,-0.02065,0.00723,0
1355,0.07244,-0.02164,0.0067,0
1356,0.07273,-0.02248,0.00453,0
1357,0.07236,-0.02237,0.00252,0
1358,0.07166,-0.02136,0.00104,0
1359,0.07382,-0.02118,0.00414,0
1360,0.07245,-0.02367,0.00614,0
1361,0.07341,-0.02317,0.00478,0
1362,0.0748,-0.02472,0.00018,0
1363,0.07727,-0.02473,0.00056,0
1364,0.07624,-0.02427,-0.00062,0
1365,0.07688,-0.0247,0.00123,0
1366,0.07723,-0.02435,-0.00342,0
1367,0.07609,-0.02508,-0.00779,0
1368,0.07653,-0.02672,-0.00325,0
1369,0.07789,-0.0265,-0.00678,0
1370,0.07693,-0.02612,-0.00512,0
1371,0.07697,-0.02667,-0.0072,0
1372,0.07735,-0.02583,-0.00497,0
1373,0.07768,-0.02691,-0.00416,0
1374,0.07772,-0.02749,-0.0001,0
1375,0.07641,-0.02723,-0.00118,0
1376,0.07656,-0.02677,-0.00173,0
1377,0.07716,-0.02678,0.00076,0
1378,0.07632,-0.02637,0.00419,0
1379,0.0764,-0.0259,0.00331,0
1380,0.07742,-0.02643,0.00175,0
1381,0.07688,-0.02523,0.0045,0
1382,0.0778,-0.026,0.00286,0
1383,0.07723,-0.02522,0.00382,0
1384,0.07766,-0.02593,0.00537,0
1385,0.07714,-0.02623,0.00661,0
1386,0.07701,-0.0262,0.00349,0
1387,0.07683,-0.0267,0.00583,0
1388,0.07784,-0.02561,0.00812,0
1389,0.07775,-0.02648,0.01067,0
1390,0.07944,-0.02553,0.01424,0
1391,0.07996,-0.02677,0.01079,0
1392,0.07962,-0.02579,0.00973,0
1393,0.08058,-0.02561,0.01512,0
1394,0.08142,-0.02538,0.01436,0
1395,0.08146,-0.02541,0.01447,0
1396,0.08114,-0.02587,0.01917,0
1397,0.08192,-0.02725,0.01866,0
1398,0.08036,-0.02682,0.01686,0
1399,0.08414,-0.02591,0.01402,0
1400,0.08199,-0.02624,0.01047,0
1401,0.08252,-0.02506,0.00704,0
1402,0.08325,-0.02675,0.00857,0
1403,0.08402,-0.02743,0.01192,0
1404,0.08383,-0.02707,0.01342,0
1405,0.0832,-0.02602,0.00849,0
1406,0.08418,-0.02599,0.0065,0
1407,0.08362,-0.02655,0.00712,0
1408,0.08302,-0.02667,0.00627,0
1409,0.08301,-0.02714,0.00397,0
1410,0.08437,-0.02673,0.00481,0
1411,0.08531,-0.02828,0.00339,0
1412,0.08523,-0.0274,-0.00036,0
1413,0.08609,-0.02839,-0.00508,0
1414,0.08709,-0.02933,-0.00182,0
1415,0.08766,-0.02944,-0.00955,0
1416,0.0885,-0.02958,-0.01083,0
1417,0.08879,-0.03069,-0.00952,0
1418,0.08875,-0.03018,-0.00001,0
1419,0.08947,-0.03196,-0.01687,1
1420,0.08908,-0.03207,-0.01036,0
1421,0.08975,-0.03324,-0.0071,0
1422,0.08941,-0.0329,-0.005,0
1423,0.08969,-0.03335,-0.00493,0
1424,0.08894,-0.03258,-0.00436,0
1425,0.08907,-0.03252,-0.00354,0
1426,0.0892,-0.03302,-0.00238,0
1427,0.09004,-0.03159,0.00013,0
1428,0.09069,-0.03229,-0.00047,0
1429,0.09014,-0.03044,-0.00176,0
1430,0.09046,-0.0294,0.00063,0
1431,0.08991,-0.03081,-0.00053,0
1432,0.0908,-0.03099,0.00075,0
1433,0.0909,-0.03103,-0.00041,0
1434,0.09091,-0.03104,-0.00145,0
1435,0.0899,-0.03126,-0.00254,0
1436,0.08962,-0.03119,-0.00246,0
1437,0.09006,-0.03186,-0.0032,0
1438,0.0895,-0.03105,-0.00391,0
1439,0.09076,-0.03082,-0.00075,0
1440,0.09187,-0.03249,0.00075,0
1441,0.09261,-0.03155,0.00455,0
1442,0.09257,-0.0325,0.00683,0
1443,0.09384,-0.03149,0.00529,0
1444,0.09427,-0.0313,0.01103,0
1445,0.09517,-0.03109,0.00945,0
1446,0.09385,-0.03099,0.01001,0
1447,0.09538,-0.02963,0.01489,0
1448,0.09587,-0.03097,0.01596,0
1449,0.09433,-0.03123,0.01498,0
1450,0.09422,-0.03141,0.01419,0
1451,0.0952,-0.03093,0.01804,0
1452,0.09552,-0.03284,0.0136,0
1453,0.09551,-0.03206,0.01555,0
1454,0.09583,-0.03191,0.01706,0
1455,0.09579,-0.03273,0.01374,0
1456,0.09706,-0.03256,0.01322,0
1457,0.09539,-0.03222,0.01065,0
1458,0.09578,-0.03256,0.00834,0
1459,0.09682,-0.0326,0.00873,0
1460,0.09847,-0.03263,0.00773,0
1461,0.09901,-0.03292,0.01118,0
1462,0.09848,-0.03449,0.00553,0
1463,0.09974,-0.03268,0.0042,0
1464,0.09953,-0.03358,0.00264,0
1465,0.1007,-0.03466,-0.00115,0
1466,0.10048,-0.03485,-0.00077,0
1467,0.10052,-0.03546,0.00029,0
1468,0.09976,-0.03721,0.00009,0
1469,0.10043,-0.03641,-0.00405,0
1470,0.10099,-0.03729,-0.00826,0
1471,0.10172,-0.03721,-0.00615,0
1472,0.10165,-0.03852,0.00054,0
1473,0.10111,-0.0372,-0.00369,0
1474,0.10143,-0.03586,-0.00252,0
1475,0.10116,-0.03715,-0.00498,0
1476,0.10227,-0.03579,0.00014,0
1477,0.10227,-0.03586,-0.00007,0
1478,0.10186,-0.03581,-0.00294,0
1479,0.10252,-0.03525,-0.00189,0
1480,0.10255,-0.03471,-0.00301,0
1481,0.10275,-0.03499,0.00089,0
1482,0.10307,-0.03595,-0.00188,0
1483,0.10228,-0.03598,-0.00188,0
1484,0.10252,-0.03662,-0.00034,0
1485,0.10157,-0.03617,-0.00259,0
1486,0.10219,-0.03588,-0.00321,0
1487,0.10193,-0.03657,-0.00487,0
1488,0.10204,-0.0368,-0.00161,0
1489,0.10166,-0.03628,-0.00013,0
1490,0.10334,-0.0371,0.00187,0
1491,0.10402,-0.03742,0.0053,0
1492,0.1041,-0.0366,0.00773,0
1493,0.10379,-0.03635,0.00952,0
1494,0.10498,-0.03572,0.01207,0
1495,0.1052,-0.0351,0.0159,0
1496,0.10616,-0.03381,0.01412,0
1497,0.10593,-0.03446,0.02065,0
1498,0.10632,-0.03459,0.01997,0
1499,0.10686,-0.0336,0.01887,0
1500,0.10726,-0.03422,0.01558,0
1501,0.10846,-0.03319,0.01629,0
1502,0.10744,-0.0342,0.01498,0
1503,0.10836,-0.03368,0.01597,0
1504,0.10895,-0.03438,0.02311,0
1505,0.10951,-0.0347,0.02073,0
1506,0.10697,-0.03541,0.01957,0
1507,0.10778,-0.03594,0.01614,0
1508,0.10937,-0.03587,0.01462,0
1509,0.11023,-0.03493,0.01377,0
1510,0.10872,-0.03502,0.01079,0
1511,0.1089,-0.0357,0.0098,0
1512,0.11149,-0.03633,0.00912,0
1513,0.11135,-0.03619,0.00968,0
1514,0.11293,-0.03575,0.00478,0
1515,0.11242,-0.03713,0.00396,0
1516,0.11423,-0.03667,0.00079,0
1517,0.11383,-0.0355,-0.00569,0
1518,0.11301,-0.03657,0.00307,0
1519,0.11459,-0.03668,-0.00283,0
1520,0.11448,-0.03845,-0.00268,0
1521,0.11554,-0.03875,-0.00205,0
1522,0.11607,-0.0401,0.00268,0
1523,0.11641,-0.04151,-0.00047,0
1524,0.11596,-0.04194,0.00213,0
1525,0.11554,-0.04169,-0.00095,0
1526,0.11561,-0.04158,-0.00396,0
1527,0.11645,-0.04071,-0.00465,0
1528,0.11626,-0.04036,-0.00641,0
1529,0.11653,-0.04046,-0.00106,0
1530,0.11662,-0.03883,-0.00226,0
1531,0.11806,-0.03885,-0.00116,0
1532,0.11804,-0.04013,-0.00431,0
1533,0.11704,-0.04051,-0.0038,0
1534,0.1172,-0.04061,-0.00336,0
1535,0.11813,-0.0405,-0.00416,0
1536,0.11766,-0.04017,-0.00285,0
1537,0.11696,-0.04097,-0.002,0
1538,0.11767,-0.04092,-0.00272,0
1539,0.11833,-0.04127,-0.00152,0
1540,0.11877,-0.04158,0.00035,0
1541,0.11822,-0.04173,0.00273,0
1542,0.1199,-0.04025,0.00529,0
1543,0.12037,-0.04021,0.00646,0
1544,0.1202,-0.03976,0.00757,0
1545,0.12057,-0.03928,0.00856,0
1546,0.12025,-0.03913,0.01134,0
1547,0.12047,-0.03908,0.0165,0
1548,0.12072,-0.03893,0.01175,0
1549,0.11959,-0.03852,0.01721,0
1550,0.12002,-0.03862,0.01333,0
1551,0.12133,-0.03865,0.01244,0
1552,0.12076,-0.03907,0.01509,0
1553,0.12226,-0.03881,0.01578,0
1554,0.12211,-0.03998,0.01384,0
1555,0.12162,-0.03877,0.01126,0
1556,0.12242,-0.03968,0.01068,0
1557,0.12223,-0.03994,0.00951,0
1558,0.12209,-0.03856,0.00364,0
1559,0.12139,-0.03925,0.00787,0
1560,0.12113,-0.04131,0.00573,0
1561,0.12181,-0.04116,-0.00184,0
1562,0.12217,-0.04052,0.00084,0
1563,0.12204,-0.04143,0.00128,0
1564,0.12246,-0.04135,0.0008,0
1565,0.12317,-0.04071,-0.00166,0
1566,0.12401,-0.04202,-0.00228,0
1567,0.12488,-0.04078,-0.00322,0
1568,0.12524,-0.04216,0.0003,0
1569,0.12574,-0.04147,-0.00574,0
1570,0.12639,-0.04269,-0.00611,0
1571,0.127,-0.04233,-0.00317,0
1572,0.12742,-0.04401,0.00116,0
1573,0.12765,-0.04562,-0.00355,0
1574,0.12754,-0.04416,0.00017,0
1575,0.12695,-0.04505,0.0085,0
1576,0.12624,-0.04358,0.00079,0
1577,0.12548,-0.04431,-0.00422,0
1578,0.12702,-0.04516,-0.00472,0
1579,0.12786,-0.04385,-0.00727,0
1580,0.12871,-0.0435,-0.00297,0
1581,0.12703,-0.0434,-0.00442,0
1582,0.128,-0.04364,-0.00218,0
1583,0.12789,-0.04448,-0.00318,0
1584,0.12831,-0.04405,-0.00292,0
1585,0.12825,-0.0449,-0.00124,0
1586,0.12794,-0.04443,-0.00236,0
1587,0.12777,-0.04439,-0.00366,0
1588,0.12795,-0.04507,-0.00012,0
1589,0.12834,-0.04562,-0.00151,0
1590,0.12836,-0.04582,-0.00099,0
1591,0.13017,-0.04578,0.00117,0
1592,0.13039,-0.0459,0.00032,0
1593,0.1299,-0.046,0.00395,0
1594,0.1303,-0.04551,0.00695,0
1595,0.12993,-0.04429,0.00766,0
1596,0.13105,-0.04377,0.00948,0
1597,0.13036,-0.04462,0.0108,0
1598,0.13082,-0.04385,0.01386,0
1599,0.13093,-0.04284,0.01352,0
1600,0.13178,-0.0429,0.01373,0
1601,0.13172,-0.0423,0.01515,0
1602,0.13194,-0.04149,0.0143,0
1603,0.13148,-0.04187,0.01743,0
1604,0.13244,-0.04195,0.01498,0
1605,0.13196,-0.04187,0.014,0
1606,0.13242,-0.0418,0.01912,0
1607,0.13175,-0.04259,0.01473,0
1608,0.13184,-0.04412,0.01308,0
1609,0.13108,-0.04411,0.00924,0
1610,0.13152,-0.04432,0.0078,0
1611,0.13113,-0.04462,0.00853,0
1612,0.13232,-0.04448,0.0098,0
1613,0.13314,-0.04436,0.00605,0
1614,0.1337,-0.04339,0.00407,0
1615,0.13481,-0.04394,0.00772,0
1616,0.13577,-0.04434,0.0051,0
1617,0.13562,-0.04567,-0.00241,0
1618,0.13672,-0.04626,-0.00168,0
1619,0.1381,-0.0465,-0.00233,0
1620,0.13691,-0.04606,-0.0064,0
1621,0.13728,-0.04739,-0.0011,0
1622,0.13872,-0.04776,-0.00135,0
1623,0.13934,-0.04843,-0.00403,0
1624,0.14064,-0.04885,-0.00236,0
1625,0.13988,-0.04913,-0.00748,0
1626,0.13911,-0.04881,-0.00789,0
1627,0.13799,-0.04952,-0.01054,0
1628,0.13825,-0.04887,-0.01119,0
1629,0.13857,-0.04658,-0.01014,0
1630,0.13936,-0.04877,-0.01314,0
1631,0.14016,-0.04869,-0.01188,0
1632,0.13973,-0.04884,-0.01345,0
1633,0.14071,-0.04868,-0.01266,0
1634,0.14075,-0.04884,-0.01614,0
1635,0.14134,-0.04927,-0.01337,0
1636,0.13918,-0.04965,-0.01131,0
1637,0.13979,-0.04984,-0.01636,0
1638,0.14117,-0.04942,-0.01206,0
1639,0.13956,-0.0507,-0.0095,0
1640,0.14063,-0.05074,-0.00989,0
1641,0.14132,-0.05044,-0.00565,0
1642,0.14266,-0.0507,-0.00425,0
1643,0.14161,-0.05059,-0.00091,0
1644,0.14265,-0.05032,0.00136,0
1645,0.14257,-0.04939,0.00313,0
1646,0.14245,-0.04895,0.00298,0
1647,0.14071,-0.04749,0.0059,0
1648,0.1418,-0.04767,0.00862,0
1649,0.14066,-0.04785,0.00993,0
1650,0.1415,-0.0475,0.00534,0
1651,0.13984,-0.04789,0.00771,0
1652,0.14149,-0.0478,0.01069,0
1653,0.14203,-0.04644,0.00802,0
1654,0.14289,-0.04691,0.01202,0
1655,0.14379,-0.04857,0.01518,0
1656,0.14268,-0.04844,0.01366,0
1657,0.14327,-0.04747,0.01657,0
1658,0.1416,-0.0482,0.01046,0
1659,0.14332,-0.04676,0.00766,0
1660,0.14306,-0.0479,0.0106,0
1661,0.1431,-0.0479,0.00457,0
1662,0.1439,-0.04772,0.00553,0
1663,0.14439,-0.04777,0.00198,0
1664,0.14536,-0.04891,0.00092,0
1665,0.14589,-0.04783,0.0016,0
1666,0.14738,-0.04813,-0.00651,0
1667,0.14705,-0.04896,-0.00579,0
1668,0.14665,-0.04755,-0.00629,0
1669,0.14805,-0.04918,-0.0061,0
1670,0.14919,-0.04926,-0.00928,0
1671,0.14917,-0.04922,-0.00873,0
1672,0.15158,-0.04883,-0.00703,0
1673,0.15252,-0.04898,-0.00595,0
1674,0.15182,-0.04922,-0.00739,0
1675,0.15103,-0.05069,-0.00907,0
1676,0.15022,-0.05022,-0.006,0
1677,0.15083,-0.05123,-0.00325,0
1678,0.15148,-0.05028,-0.00477,0
1679,0.15214,-0.05132,-0.00273,0
1680,0.15185,-0.04992,-0.00667,0
1681,0.15117,-0.05013,-0.00807,0
1682,0.15137,-0.05045,-0.00958,0
1683,0.15084,-0.05168,-0.0092,0
1684,0.15104,-0.05241,-0.00902,0
1685,0.15277,-0.05116,-0.00639,0
1686,0.15075,-0.05246,-0.01044,0
1687,0.15173,-0.0524,-0.00976,0
1688,0.15117,-0.0525,-0.01012,0
1689,0.15098,-0.05307,-0.01298,0
1690,0.15254,-0.05354,-0.01093,0
1691,0.15198,-0.05369,-0.00693,0
1692,0.15267,-0.0543,-0.00337,0
1693,0.15303,-0.05438,-0.00009,0
1694,0.15373,-0.05381,0.00033,0
1695,0.15332,-0.05348,0.00347,0
1696,0.1521,-0.05343,0.00392,0
1697,0.15185,-0.053,0.00565,0
1698,0.1524,-0.05214,0.00874,0
1699,0.15277,-0.05208,0.00658,0
1700,0.15283,-0.05208,0.0088,0
1701,0.15342,-0.05226,0.00637,0
1702,0.15363,-0.05157,0.00889,0
1703,0.15363,-0.05239,0.01012,0
1704,0.1542,-0.05137,0.00892,0
1705,0.15555,-0.05087,0.01353,0
1707,0.15744,-0.06093,0.02563,1
1708,0.15836,-0.06018,0.02513,0
1709,0.15891,-0.06187,0.02738,0
1710,0.15757,-0.06042,0.0284,0
1711,0.15918,-0.06014,0.02833,0
1712,0.15895,-0.06121,0.03061,0
1713,0.16035,-0.06233,0.02836,0
1714,0.16076,-0.06179,0.02432,0
1715,0.16118,-0.06171,0.02041,0
1717,0.16031,-0.05319,0.00674,1
1718,0.16031,-0.0526,0.01045,0
1719,0.16175,-0.05225,0.00407,0
1720,0.15932,-0.05327,0.0086,0
1721,0.1602,-0.05363,0.00627,0
1722,0.16152,-0.05412,0.00648,0
1723,0.16272,-0.05517,0.0057,0
1724,0.16363,-0.05475,-0.00098,0
1725,0.16321,-0.05506,-0.0042,0
1726,0.16434,-0.05555,-0.00115,0
1727,0.16315,-0.05674,0.00131,0
1728,0.16438,-0.05618,0.0023,0
1729,0.16467,-0.05652,-0.00086,0
1730,0.1654,-0.05469,-0.00401,0
1731,0.16436,-0.0558,-0.00236,0
1732,0.16553,-0.05678,-0.00489,0
1733,0.16498,-0.05683,-0.00917,0
1734,0.16417,-0.05625,-0.00542,0
1735,0.16347,-0.05542,-0.01153,0
1736,0.16427,-0.05667,-0.01353,0
1738,0.16752,-0.06543,0.00259,1
1739,0.16924,-0.06637,-0.00031,0
1740,0.16921,-0.06679,0.00071,0
1741,0.16974,-0.06729,0.00561,0
1742,0.17081,-0.06834,0.00886,0
1743,0.17119,-0.06806,0.00726,0
1744,0.17141,-0.06725,0.00973,0
1745,0.17096,-0.0665,0.01439,0
1746,0.17219,-0.06577,0.01476,0
1747,0.17172,-0.06579,0.01436,0
1748,0.17136,-0.06482,0.01329,0
1749,0.17196,-0.06433,0.01581,0
1750,0.17141,-0.0662,0.01652,0
1751,0.17223,-0.06548,0.01738,0
1752,0.17169,-0.06535,0.02033,0
1753,0.17141,-0.0654,0.0181,0
1754,0.17251,-0.06548,0.01648,0
1755,0.17189,-0.0647,0.01934,0
1756,0.17224,-0.06492,0.01805,0
1757,0.17349,-0.06459,0.02022,0
1758,0.17351,-0.06481,0.02254,0
1759,0.17356,-0.06528,0.02497,0
1760,0.1723,-0.06489,0.02549,0
1761,0.17252,-0.06321,0.0242,0
1762,0.17243,-0.06442,0.01752,0
1763,0.17406,-0.06439,0.01818,0
1764,0.17443,-0.06426,0.02154,0
1765,0.17516,-0.06561,0.01787,0
1766,0.17549,-0.0657,0.01994,0
1767,0.17631,-0.06683,0.0185,0
1768,0.17584,-0.06748,0.02292,0
1769,0.17738,-0.06688,0.02412,0
1770,0.17764,-0.06609,0.0177,0
1771,0.17751,-0.06677,0.01659,0
1772,0.17946,-0.06596,0.01201,0
1773,0.1801,-0.06655,0.01397,0
1774,0.1799,-0.06719,0.01216,0
1775,0.1801,-0.06686,0.01257,0
1776,0.18066,-0.06743,0.01187,0
1777,0.18215,-0.06768,0.01211,0
1778,0.18213,-0.06867,0.01536,0
1779,0.18258,-0.06826,0.01375,0
1780,0.1829,-0.06773,0.00812,0
1781,0.18303,-0.06702,0.01081,0
1782,0.18303,-0.06858,0.00668,0
1783,0.18172,-0.06643,0.00589,0
1784,0.18211,-0.06773,0.00509,0
1785,0.18261,-0.06848,0.00074,0
1786,0.18214,-0.06958,-0.00136,0
1787,0.18164,-0.06868,-0.00112,0
1788,0.18165,-0.07001,0.00009,0
1789,0.18176,-0.06946,0.00322,0
1790,0.18286,-0.07107,-0.00079,0
1791,0.18328,-0.07041,0.0032,0
1792,0.18345,-0.0706,0.00623,0
1793,0.18507,-0.07083,0.01043,0
1794,0.18391,-0.07159,0.01498,0
1795,0.1844,-0.07155,0.01643,0
1796,0.18406,-0.07099,0.01303,0
1797,0.18337,-0.0704,0.01421,0
1798,0.18345,-0.06921,0.01688,0
1799,0.18329,-0.06993,0.01901,0
1800,0.18442,-0.07057,0.01664,0
1801,0.18305,-0.07047,0.01746,0
1802,0.18342,-0.06921,0.01733,0
1803,0.18391,-0.07075,0.01605,0
1804,0.18395,-0.07014,0.01748,0
1805,0.18411,-0.06961,0.01851,0
1806,0.18465,-0.06934,0.01844,0
1807,0.18456,-0.06797,0.01933,0
1808,0.18474,-0.06897,0.02345,0
1809,0.18476,-0.06779,0.02228,0
1810,0.18478,-0.06777,0.02451,0
1811,0.18493,-0.06775,0.02715,0
1812,0.18631,-0.06764,0.0261,0
1813,0.18677,-0.06841,0.02395,0
1814,0.18712,-0.06964,0.02542,0
1816,0.18545,-0.07024,0.03102,0
1817,0.18632,-0.07084,0.03021,0
1818,0.18978,-0.07041,0.0292,0
1819,0.19015,-0.06812,0.02617,0
1820,0.19048,-0.06879,0.0277,0
1821,0.18887,-0.05792,0.02096,0
1825,0.19033,-0.05737,0.01893,1
1826,0.18942,-0.05728,0.02193,0
1827,0.19106,-0.05691,0.01871,0
1828,0.1911,-0.05747,0.0238,0
1833,0.19394,-0.05784,0.02058,0
1834,0.19254,-0.05681,0.01463,0
1835,0.19211,-0.05789,0.01525,0
1836,0.19253,-0.05786,0.00504,0
1837,0.19159,-0.05625,0.00684,0
1838,0.19152,-0.05743,0.0086,0
1839,0.19124,-0.05779,0.00393,0
1841,0.18919,-0.06168,-0.01058,1
1842,0.1901,-0.06202,-0.00895,0
1843,0.19251,-0.06332,-0.00627,0
1844,0.19166,-0.06371,-0.00737,0
1845,0.192,-0.0629,-0.00444,0
1846,0.19208,-0.06243,0.00032,0
1847,0.19296,-0.06206,-0.00021,0
1848,0.19172,-0.06156,0.00042,0
1849,0.19088,-0.06194,0.00375,0
1850,0.19007,-0.0636,-0.00139,0
1851,0.19134,-0.06321,0.00398,0
1852,0.18985,-0.06316,0.00712,0
1853,0.19119,-0.06216,0.0023,0
1854,0.19039,-0.06251,0.00658,0
1855,0.1903,-0.0638,0.00983,0
1856,0.19028,-0.06235,0.01124,0
1857,0.19142,-0.0619,0.00792,0
1858,0.19071,-0.06058,0.0107,0
1859,0.19096,-0.06205,0.01269,0
1860,0.19209,-0.06107,0.01341,0
1861,0.19309,-0.06206,0.01441,0
1862,0.19221,-0.0609,0.01309,0
1863,0.19267,-0.06129,0.01587,0
1864,0.19284,-0.06201,0.01723,0
1865,0.19423,-0.06222,0.01382,0
1866,0.19409,-0.06179,0.0172,0
1867,0.19592,-0.06152,0.01893,0
1868,0.19536,-0.0635,0.02064,0
1869,0.19749,-0.06325,0.01792,0
1870,0.19629,-0.06256,0.01483,0
1871,0.19521,-0.06153,0.01681,0
1872,0.19607,-0.06058,0.01946,0
1873,0.19732,-0.0607,0.01516,0
1874,0.19475,-0.06153,0.01934,0
1875,0.19736,-0.06156,0.01705,0
1876,0.1982,-0.06145,0.01466,0
1877,0.19827,-0.06367,0.01508,0
1878,0.1975,-0.06428,0.00898,0
1879,0.19688,-0.06284,0.0098,0
1880,0.19927,-0.06304,0.00625,0
1881,0.20084,-0.06209,-0.0034,0
1882,0.20041,-0.06033,-0.00554,0
1883,0.20065,-0.06199,0.00118,0
1884,0.20025,-0.061,0.00361,0
1885,0.20096,-0.0624,0.00372,0
1886,0.20197,-0.06243,0.00496,0
1887,0.20054,-0.06232,0.00341,0
1888,0.20069,-0.06325,-0.00495,0
1889,0.20145,-0.06256,-0.00375,0
1890,0.20106,-0.06216,-0.00246,0
1891,0.20193,-0.06299,0.0013,0
1892,0.20309,-0.06372,0.00205,0
1893,0.20375,-0.06346,0.00444,0
1894,0.20424,-0.0635,0.00594,0
1895,0.20314,-0.06408,0.00668,0
1896,0.20301,-0.06438,0.00783,0
1897,0.20347,-0.06342,0.01013,0
1898,0.20153,-0.06512,0.00698,0
1899,0.20321,-0.0656,0.01456,0
1900,0.20323,-0.06584,0.01142,0
1901,0.20116,-0.06667,0.00812,0
1902,0.20228,-0.066,0.01187,0
1903,0.20222,-0.06645,0.01019,0
1904,0.20304,-0.06553,0.01447,0
1905,0.20316,-0.06618,0.01572,0
1906,0.20348,-0.06444,0.013,0
1907,0.2033,-0.06369,0.01252,0
1908,0.20325,-0.06453,0.01285,0
1909,0.20378,-0.06379,0.01453,0
1910,0.20401,-0.06318,0.01842,0
1911,0.20351,-0.06236,0.01461,0
1912,0.2039,-0.06358,0.01598,0
1913,0.20291,-0.06349,0.01307,0
1914,0.20533,-0.06551,0.01749,0
1915,0.20539,-0.06515,0.01991,0
1917,0.20956,-0.06701,0.01715,1
1918,0.20895,-0.0643,0.01978,0
1919,0.20962,-0.0646,0.02008,0
1920,0.21032,-0.06441,0.01873,0
1921,0.20841,-0.06529,0.0164,0
1922,0.2094,-0.06553,0.01758,0
1923,0.20947,-0.0652,0.01456,0
1924,0.21003,-0.06561,0.01299,0
1925,0.20891,-0.06465,0.01337,0
1926,0.21053,-0.06713,0.01531,0
1927,0.21068,-0.06633,0.00773,0
1928,0.21183,-0.06593,0.00645,0
1929,0.21171,-0.06499,0.00553,0
1930,0.21027,-0.06384,0.01134,0
1931,0.21104,-0.06532,0.0095,0
1932,0.21117,-0.06448,0.00468,0
1933,0.21188,-0.06503,0.00471,0
1934,0.2101,-0.06914,0.0129,0
1935,0.21015,-0.06899,0.01638,0
1936,0.2091,-0.06939,0.01381,0
1937,0.20884,-0.06884,0.01421,0
1938,0.2103,-0.06929,0.01046,0
1939,0.21186,-0.06884,0.00847,0
1940,0.21178,-0.07008,0.00982,0
1941,0.21176,-0.0698,0.00859,0
1942,0.21146,-0.07151,0.00875,0
1943,0.21408,-0.06992,0.00806,0
1944,0.21373,-0.07097,0.00843,0
1945,0.2151,-0.07077,0.01328,0
1946,0.21411,-0.07147,0.01168,0
1947,0.21293,-0.07113,0.00962,0
1948,0.21303,-0.07148,0.01156,0
1949,0.21324,-0.07048,0.01491,0
1950,0.21357,-0.07165,0.01113,0
1951,0.21343,-0.07167,0.01302,0
1952,0.21381,-0.07272,0.01445,0
1953,0.21374,-0.07255,0.01712,0
1954,0.21333,-0.07381,0.01615,0
1955,0.21359,-0.07291,0.01638,0
1956,0.21383,-0.07325,0.01321,0
1957,0.21475,-0.07252,0.0137,0
1958,0.21384,-0.07212,0.01488,0
1959,0.21374,-0.07188,0.01792,0
1960,0.21409,-0.07201,0.018,0
1961,0.21351,-0.07046,0.01874,0
1962,0.21427,-0.07073,0.0199,0
1963,0.2145,-0.07083,0.01792,0
1964,0.21487,-0.07124,0.02026,0
1965,0.21475,-0.07185,0.0231,0
1966,0.21599,-0.07068,0.02249,0
1967,0.21627,-0.07052,0.02434,0
1968,0.21704,-0.0711,0.02725,0
1969,0.21735,-0.06984,0.02654,0
1970,0.21821,-0.06953,0.02909,0
1971,0.21858,-0.06974,0.0277,0
1972,0.21843,-0.07067,0.02898,0
1973,0.21626,-0.07078,0.03096,0
1974,0.21792,-0.07081,0.02864,0
1975,0.21806,-0.07015,0.02768,0
1976,0.2193,-0.07062,0.02607,0
1977,0.218,-0.0718,0.02271,0
1978,0.21908,-0.07037,0.02094,0
1979,0.218,-0.07284,0.01643,0
1980,0.21913,-0.07024,0.01438,0
1981,0.21929,-0.0714,0.01559,0
1982,0.21915,-0.07323,0.01449,0
1983,0.22007,-0.07324,0.00931,0
1984,0.22028,-0.07286,0.00717,0
1985,0.22248,-0.07268,0.0111,0
1986,0.22035,-0.07349,0.01139,0
1987,0.22254,-0.07233,0.00922,0
1988,0.224,-0.07195,0.00571,0
1989,0.22364,-0.07314,0.00796,0
1990,0.22292,-0.07298,0.00452,0
1991,0.22348,-0.07442,0.00797,0
1992,0.22503,-0.07336,0.00521,0
1993,0.22589,-0.07253,0.00202,0
1994,0.22569,-0.07302,0.00183,0
1995,0.22721,-0.07292,0.00786,0
1996,0.22686,-0.07366,0.00482,0
1997,0.22558,-0.07579,0.00215,0
1998,0.22565,-0.07532,0.00766,0
1999,0.22624,-0.07472,0.00526,0
2000,0.22694,-0.07586,0.00791,0
2001,0.22758,-0.07522,0.01199,0
2002,0.2272,-0.07657,0.00988,0
2003,0.22643,-0.0773,0.00914,0
2004,0.227,-0.0776,0.01131,0
2005,0.22802,-0.07779,0.01597,0
2006,0.2274,-0.07756,0.01524,0
2007,0.22765,-0.07661,0.01062,0
2008,0.22773,-0.07794,0.01319,0
2009,0.22666,-0.07753,0.01034,0
2010,0.22767,-0.07711,0.01282,0
2011,0.2272,-0.07765,0.01295,0
2012,0.22845,-0.077,0.01528,0
2013,0.22868,-0.07621,0.01548,0
2014,0.22876,-0.0767,0.01608,0
2015,0.22806,-0.07556,0.01759,0
2016,0.22895,-0.07562,0.01889,0
2017,0.23045,-0.07585,0.02135,0
2018,0.2302,-0.07517,0.0215,0
2019,0.23078,-0.07561,0.0214,0
2020,0.23085,-0.07554,0.02309,0
2021,0.23107,-0.07662,0.02237,0
2022,0.23041,-0.07482,0.02626,0
2023,0.23207,-0.07582,0.02409,0
2024,0.23006,-0.07484,0.02273,0
2025,0.23132,-0.07568,0.02502,0
2026,0.23106,-0.07582,0.01724,0
2027,0.23216,-0.07613,0.01781,0
2028,0.23092,-0.07606,0.01623,0
2029,0.23125,-0.07528,0.01128,0
2030,0.23197,-0.07681,0.01267,0
2031,0.23371,-0.07564,0.00922,0
2032,0.23285,-0.07456,0.00873,0
2033,0.23404,-0.07571,0.01146,0
2034,0.23389,-0.07573,0.01286,0
2035,0.23537,-0.07714,0.00841,0
2036,0.23441,-0.07693,0.00738,0
2037,0.23538,-0.07638,0.01059,0
2038,0.23659,-0.07629,0.00909,0
2039,0.23555,-0.07809,0.00926,0
2040,0.23683,-0.07614,0.01185,0
2041,0.23692,-0.07757,0.00861,0
2042,0.23707,-0.07765,0.00988,0
2043,0.23835,-0.07804,0.00561,0
2044,0.23865,-0.07793,0.00585,0
2045,0.23782,-0.07869,0.00905,0
2046,0.2396,-0.07686,0.00572,0
2047,0.23978,-0.07555,0.00658,0
2048,0.23929,-0.07689,0.00354,0
2049,0.24039,-0.07746,0.00546,0
2050,0.24052,-0.07805,0.00253,0
2051,0.24037,-0.07815,0.00914,0
2052,0.2403,-0.07743,0.00741,0
2053,0.23919,-0.08052,0.00644,0
2054,0.24024,-0.08078,0.00822,0
2055,0.24069,-0.07839,0.01057,0
2056,0.23991,-0.07926,0.0075,0
2057,0.24102,-0.08058,0.0067,0
2058,0.24044,-0.08072,0.00647,0
2059,0.24174,-0.07955,0.01164,0
2060,0.24029,-0.07957,0.01259,0
2061,0.23977,-0.08074,0.01068,0
2062,0.24003,-0.07961,0.01239,0
2063,0.23942,-0.08011,0.01048,0
2064,0.24024,-0.07986,0.01146,0
2065,0.24045,-0.08001,0.01384,0
2066,0.24066,-0.07925,0.01457,0
2067,0.24118,-0.08008,0.01635,0
2068,0.24217,-0.08071,0.01618,0
2069,0.24267,-0.07866,0.01992,0
2070,0.24401,-0.07826,0.01971,0
2071,0.24299,-0.07856,0.02276,0
2072,0.24325,-0.07827,0.0208,0
2073,0.2452,-0.07728,0.02474,0
2074,0.24598,-0.07975,0.02583,0
2075,0.24485,-0.07836,0.02254,0
2076,0.24478,-0.07834,0.02596,0
2077,0.24578,-0.07913,0.02688,0
2078,0.24684,-0.07845,0.02643,0
2079,0.24675,-0.07752,0.02656,0
2080,0.24584,-0.07816,0.0257,0
2081,0.24641,-0.07718,0.02619,0
2082,0.24531,-0.07674,0.02412,0
2083,0.24525,-0.07698,0.02001,0
2084,0.24645,-0.07775,0.01973,0
2085,0.24609,-0.07771,0.02026,0
2086,0.24689,-0.07764,0.02081,0
2087,0.24943,-0.07816,0.01814,0
2088,0.24844,-0.07838,0.01703,0
2089,0.24717,-0.07739,0.01624,0
2090,0.24718,-0.07871,0.01163,0
2091,0.24807,-0.08024,0.00946,0
2092,0.24971,-0.07933,0.00648,0
2093,0.25115,-0.07895,0.00653,0
2094,0.25058,-0.08068,0.00648,0
2095,0.25025,-0.08028,0.00572,0
2096,0.25139,-0.08048,0.00191,0
2097,0.25168,-0.07997,0.00412,0
2098,0.25098,-0.08074,0.00131,0
2099,0.2527,-0.08103,0.00103,0
2100,0.25065,-0.08269,0.00458,0
2101,0.25004,-0.08253,0.00575,0
2102,0.25117,-0.08338,0.00174,0
2103,0.251,-0.08313,0.00405,0
2104,0.25165,-0.08478,0.00566,0
2105,0.25159,-0.08508,0.00703,0
2106,0.25245,-0.08468,0.00488,0
2107,0.25259,-0.08466,0.00879,0
2108,0.25153,-0.08518,0.00716,0
2109,0.25199,-0.08422,0.00754,0
2110,0.25245,-0.08445,0.00808,0
2111,0.25169,-0.08499,0.01054,0
2112,0.25215,-0.08561,0.01047,0
2113,0.25193,-0.08536,0.01051,0
2114,0.25176,-0.08403,0.00964,0
2115,0.25179,-0.08481,0.01303,0
2116,0.25207,-0.08468,0.01409,0
2117,0.25255,-0.0852,0.01128,0
2118,0.25372,-0.08497,0.01734,0
2119,0.25391,-0.08468,0.02091,0
2120,0.25362,-0.08401,0.01965,0
2121,0.25488,-0.08325,0.01957,0
2122,0.2551,-0.08434,0.02026,0
2123,0.25502,-0.0841,0.0216,0
2124,0.25506,-0.08355,0.02167,0
2125,0.25643,-0.08185,0.0263,0
2126,0.25755,-0.08213,0.02458,0
2127,0.256,-0.08242,0.02907,0
2128,0.25602,-0.08348,0.0227,0
2129,0.25688,-0.08366,0.02339,0
2130,0.25695,-0.08244,0.01986,0
2131,0.25791,-0.08262,0.02021,0
2132,0.25961,-0.08271,0.01984,0
2133,0.2602,-0.08213,0.01737,0
2134,0.26093,-0.08257,0.01987,0
2135,0.26012,-0.0842,0.02013,0
2136,0.26075,-0.08283,0.01764,0
2137,0.26024,-0.08226,0.01875,0
2138,0.25863,-0.08147,0.01761,0
2139,0.26053,-0.08332,0.01519,0
2140,0.26012,-0.08318,0.01426,0
2141,0.26123,-0.08361,0.01192,0
2142,0.26231,-0.08461,0.01396,0
2143,0.26135,-0.08484,0.01449,0
2144,0.26293,-0.08658,0.01225,0
2145,0.26316,-0.08564,0.0106,0
2146,0.26291,-0.08657,0.00808,0
2147,0.26274,-0.08566,0.00511,0
2148,0.2622,-0.08745,0.00589,0
2149,0.26266,-0.08773,0.00303,0
2150,0.26317,-0.08808,0.00316,0
2151,0.26437,-0.08783,0.00934,0
2152,0.26424,-0.08861,0.00522,0
2153,0.26455,-0.08792,0.00855,0
2154,0.26479,-0.0891,0.00889,0
2155,0.26547,-0.08896,0.00501,0
2156,0.265,-0.09,0.00609,0
2157,0.26502,-0.08986,0.00788,0
2158,0.265,-0.08993,0.00983,0
2159,0.26563,-0.08897,0.01187,0
2160,0.26525,-0.08851,0.01214,0
2161,0.2646,-0.08907,0.01114,0
2162,0.26459,-0.0894,0.01126,0
2163,0.26489,-0.08951,0.01077,0
2164,0.26464,-0.09058,0.01239,0
2165,0.26483,-0.09007,0.01402,0
2166,0.26561,-0.09055,0.01853,0
2167,0.26537,-0.08965,0.01739,0
2168,0.266,-0.09008,0.01941,0
2169,0.26579,-0.08918,0.01786,0
2170,0.26673,-0.08836,0.02203,0
2171,0.26653,-0.08814,0.02282,0
2172,0.26613,-0.08663,0.02554,0
2173,0.26656,-0.08742,0.0244,0
2174,0.2675,-0.08648,0.02512,0
2175,0.26788,-0.08572,0.02451,0
2176,0.26806,-0.08656,0.02665,0
2177,0.26845,-0.08622,0.02441,0
2178,0.26939,-0.08527,0.02884,0
2179,0.26952,-0.08506,0.02762,0
2180,0.26934,-0.08499,0.02243,0
2181,0.2696,-0.08495,0.02054,0
2182,0.27061,-0.08642,0.02214,0
2183,0.27016,-0.08623,0.01971,0
2184,0.26966,-0.08679,0.01847,0
2185,0.27082,-0.08617,0.01652,0
2186,0.27074,-0.08706,0.01623,0
2187,0.27185,-0.08667,0.01065,0
2188,0.27256,-0.08551,0.01014,0
2189,0.27343,-0.08596,0.01127,0
2190,0.27327,-0.0859,0.00834,0
2191,0.27448,-0.08739,0.00422,0
2192,0.27474,-0.08772,-0.00268,0
2193,0.275,-0.08708,-0.00106,0
2194,0.27646,-0.08717,0.00188,0
2195,0.2757,-0.08722,-0.00326,0
2196,0.27533,-0.08799,0.00283,0
2197,0.27519,-0.08795,0.00153,0
2198,0.27508,-0.08784,-0.00015,0
2199,0.27604,-0.08806,-0.00376,0
2200,0.27675,-0.08907,0.00004,0
2201,0.27511,-0.08949,0.001,0
2202,0.27557,-0.08924,0.00282,0
2203,0.27645,-0.08929,0.00163,0
2204,0.27653,-0.09121,0.00072,0
2205,0.27723,-0.09066,0.00078,0
2206,0.27778,-0.09071,0.00075,0
2207,0.27805,-0.0907,0.00204,0
2208,0.27708,-0.0911,0.00217,0
2209,0.27755,-0.09039,0.00317,0
2210,0.27738,-0.09173,0.00391,0
2211,0.27717,-0.09021,0.00382,0
2212,0.27709,-0.09056,0.00643,0
2213,0.27741,-0.09196,0.00552,0
2214,0.27788,-0.09173,0.00762,0
2215,0.2772,-0.09277,0.00688,0
2216,0.27785,-0.09254,0.00795,0
2217,0.27789,-0.09223,0.00869,0
2218,0.27834,-0.09105,0.01236,0
2219,0.27855,-0.09157,0.01221,0
2220,0.27942,-0.09116,0.01467,0
2221,0.27954,-0.09034,0.01793,0
2222,0.27976,-0.09055,0.01589,0
2223,0.27946,-0.08963,0.01868,0
2224,0.2799,-0.09018,0.01758,0
2225,0.28051,-0.08907,0.01742,0
2226,0.28016,-0.08928,0.01712,0
2227,0.27963,-0.08881,0.02144,0
2228,0.28017,-0.08992,0.01894,0
2229,0.2803,-0.08804,0.01901,0
2230,0.28195,-0.08993,0.02059,0
2231,0.28183,-0.08873,0.01613,0
2232,0.28153,-0.08856,0.02019,0
2233,0.28142,-0.08951,0.02357,0
2234,0.28167,-0.09109,0.01798,0
2235,0.2828,-0.09096,0.01843,0
2236,0.28317,-0.08971,0.01905,0
2237,0.2834,-0.09061,0.0172,0
2238,0.28247,-0.09033,0.01935,0
2239,0.28175,-0.09035,0.02061,0
2240,0.28133,-0.09069,0.01764,0
2241,0.28365,-0.09139,0.01616,0
2242,0.28324,-0.09172,0.01055,0
2243,0.28426,-0.09188,0.00759,0
2244,0.28382,-0.09281,0.00881,0
2245,0.28444,-0.09213,0.0047,0
2246,0.28395,-0.09141,0.00838,0
2247,0.28313,-0.09219,0.00543,0
2248,0.28287,-0.09273,0.00393,0
2249,0.28463,-0.09329,0.00836,0
2250,0.28395,-0.09344,0.00535,0
2251,0.2839,-0.09453,0.00449,0
2252,0.2845,-0.09496,0.00776,0
2253,0.28357,-0.09432,0.00515,0
2254,0.28428,-0.09516,0.00076,0
2255,0.28529,-0.09513,0.00336,0
2256,0.28547,-0.09668,0.0039,0
2257,0.28559,-0.09619,0.00644,0
2258,0.28399,-0.09677,0.00449,0
2259,0.28558,-0.09737,0.00533,0
2260,0.28498,-0.09589,0.00506,0
2261,0.28554,-0.09681,0.0035,0
2262,0.28471,-0.09675,0.00684,0
2263,0.28532,-0.09644,0.00783,0
2264,0.28558,-0.0956,0.00625,0
2265,0.28467,-0.09604,0.00889,0
2266,0.28503,-0.0962,0.0104,0
2267,0.28522,-0.09681,0.01282,0
2268,0.28571,-0.09705,0.01341,0
2269,0.28622,-0.09736,0.01629,0
2270,0.28695,-0.09675,0.01752,0
2271,0.28748,-0.09563,0.01424,0
2272,0.28758,-0.09615,0.01369,0
2273,0.28758,-0.09676,0.01646,0
2274,0.28777,-0.09507,0.01776,0
2275,0.28789,-0.09671,0.01964,0
2276,0.28821,-0.09711,0.02497,0
2277,0.28797,-0.09558,0.02366,0
2278,0.28834,-0.09457,0.02263,0
2279,0.28829,-0.09477,0.02529,0
2280,0.28969,-0.0945,0.02495,0
2281,0.29056,-0.09503,0.02785,0
2282,0.29037,-0.09378,0.02783,0
2283,0.29133,-0.09338,0.02605,0
2284,0.2909,-0.09403,0.02955,0
2285,0.29184,-0.09567,0.03451,0
2286,0.29142,-0.09469,0.03309,0
2287,0.29277,-0.09529,0.028,0
2288,0.29355,-0.09589,0.03063,0
2289,0.29176,-0.09563,0.03064,0
2290,0.29246,-0.09708,0.02721,0
2291,0.29311,-0.09684,0.02926,0
2292,0.2942,-0.09602,0.02865,0
2293,0.29366,-0.0978,0.03017,0
2294,0.29403,-0.09707,0.02648,0
